metric,value
dgat1_purity_rho,0.28191942006686826
dgat1_purity_p,3.021126528762624e-6
