cell_type,sample,mean,median,std,count
Endothelial,tumour,-0.002208205230393725,-0.3345124708332117,1.017387397761333,71
Endothelial,normal,0.0028505922065082553,-0.3345124708332117,0.9864245999049,55
