cell_type,sample,mean,median,std,count
Endothelial,tumour,0.017009220192282452,-0.28716898775838684,1.0311764975279565,71
Endothelial,normal,-0.021957356975491955,-0.28716898775838684,0.9672430858024988,55
