cell_type,sample,mean,median,std,count
Endothelial,tumour,0.09313140330071379,-0.2886906724200167,1.083434049286745,71
Endothelial,normal,-0.12022417517001233,-0.2886906724200167,0.8758188443426423,55
