cell_type,sample,mean,median,std,count
Endothelial,tumour,-0.045345923752055636,-0.33235766766131886,0.8915516087980909,71
Endothelial,normal,0.05853746520719909,-0.33235766766131886,1.1305934389702166,55
