cell_type,sample,mean,median,std,count
Endothelial,tumour,-0.0025548654786891963,-0.28580695528099126,0.9715410108678387,71
Endothelial,normal,0.0032980990724897343,-0.28580695528099126,1.0446202847777728,55
